{"cameraMode":{"drawMode":0,"name":"Shaded","section":"Shading Mode"},"sceneLighting":true,"audioPlay":false,"sceneViewState":{"m_AlwaysRefresh":false,"showFog":true,"showSkybox":true,"showFlares":true,"showImageEffects":true,"showParticleSystems":true,"showVisualEffectGraphs":true,"m_FxEnabled":true},"in2DMode":false,"pivot":{"x":782.0492553710938,"y":1959.4197998046875,"z":-193.61441040039063},"rotation":{"x":0.2444058358669281,"y":0.04709656909108162,"z":-0.01192601677030325,"w":0.9684827327728272},"size":365.2318115234375,"orthographic":false}